n,s_cm,x_ekf,y_ekf,x_pista,y_pista,error_cm
0,0.00,0.0000,0.0000,1.1855,0.0000,1.19
1,0.14,0.1450,0.0000,1.2677,0.0143,1.12
2,0.87,0.8700,-0.0004,1.6784,-0.0048,0.81
3,1.97,1.9655,0.0023,2.4204,-0.0362,0.45
4,3.16,3.1576,0.0176,3.3818,-0.0671,0.22
5,5.54,5.5408,0.0923,5.5810,-0.0671,0.10
6,6.91,6.9057,0.2039,6.9220,-0.0671,0.20
7,8.12,8.1049,0.3521,8.1228,-0.0407,0.35
8,8.86,8.8394,0.4505,8.8622,0.0085,0.45
9,9.15,9.1264,0.4919,9.1517,0.0319,0.49
10,9.36,9.3335,0.5230,9.3610,0.0509,0.52
11,9.70,9.6680,0.5742,9.6992,0.0825,0.58
12,10.13,10.0977,0.6414,10.1338,0.1264,0.64
13,10.76,10.7186,0.7376,10.7620,0.1949,0.74
14,11.20,11.1492,0.7998,11.1970,0.2416,0.80
15,11.52,11.4689,0.8396,11.5192,0.2732,0.84
16,11.89,11.8378,0.8744,11.8897,0.2985,0.88
17,12.34,12.2880,0.9033,12.3408,0.3235,0.90
18,12.76,12.7066,0.9180,12.7597,0.3235,0.92
19,13.24,13.1899,0.9180,13.2430,0.3235,0.92
20,14.61,14.5567,0.8331,14.6124,0.2993,0.83
21,15.58,15.5139,0.6984,15.5791,0.2188,0.70
22,17.09,17.0053,0.4354,17.0935,0.0691,0.44
23,18.30,18.1957,0.2279,18.3018,-0.0349,0.25
24,18.75,18.6404,0.1523,18.7529,-0.0721,0.19
25,18.99,18.8787,0.1120,18.9946,-0.0919,0.16
26,19.28,19.1648,0.0645,19.2846,-0.1173,0.14
27,19.77,19.6420,-0.0119,19.7679,-0.1571,0.13
28,20.33,20.1998,-0.0945,20.3318,-0.2026,0.16
29,20.96,20.8231,-0.1737,20.9601,-0.2450,0.22
30,22.23,22.0894,-0.3015,22.2328,-0.3351,0.33
31,22.70,22.5555,-0.3335,22.7000,-0.3650,0.36
32,23.15,23.0064,-0.3491,23.1512,-0.3834,0.38
33,23.60,23.4575,-0.3495,23.6023,-0.3955,0.38
34,24.04,23.8922,-0.3360,24.0372,-0.3955,0.37
35,24.47,24.3264,-0.3087,24.4722,-0.3955,0.34
36,24.99,24.8395,-0.2593,24.9877,-0.3774,0.30
37,25.62,25.4613,-0.1684,25.6161,-0.3432,0.23
38,26.49,26.3133,0.0074,26.4861,-0.2581,0.17
39,27.61,27.4099,0.2707,27.6138,-0.1358,0.34
40,28.39,28.1593,0.4613,28.3871,-0.0520,0.51
41,28.64,28.4085,0.5274,28.6449,-0.0228,0.58
42,28.79,28.5485,0.5650,28.7899,-0.0060,0.61
43,29.92,29.6369,0.8602,29.9176,0.1265,0.90
44,30.82,30.5168,1.0596,30.8198,0.2004,1.10
45,31.72,31.4097,1.1888,31.7220,0.2145,1.23
46,32.85,32.5295,1.3231,32.8498,0.2273,1.36
47,33.80,33.4721,1.4451,33.8003,0.2747,1.48
48,34.17,33.8400,1.4892,34.1708,0.2970,1.53
49,34.51,34.1766,1.5233,34.5091,0.3169,1.56
50,35.02,34.6906,1.5637,35.0247,0.3367,1.60
51,35.59,35.2537,1.5926,35.5886,0.3618,1.63
52,36.22,35.8819,1.6044,36.2169,0.3771,1.64
53,36.80,36.4618,1.5942,36.7969,0.3771,1.63
54,37.20,36.8641,1.5739,37.1997,0.3771,1.61
55,37.65,37.3137,1.5374,37.6507,0.3738,1.57
56,38.12,37.7777,1.4827,38.1179,0.3521,1.52
57,38.71,38.3652,1.3818,38.7139,0.3066,1.43
58,39.91,39.5310,1.1324,39.9055,0.1898,1.19
59,41.21,40.8038,0.8443,41.2079,0.0775,0.94
60,41.87,41.4461,0.6902,41.8656,0.0180,0.81
61,42.08,41.6492,0.6391,42.0737,-0.0032,0.77
62,42.27,41.8366,0.5915,42.2650,-0.0231,0.73
63,42.76,42.3054,0.4738,42.7435,-0.0717,0.65
64,43.45,42.9782,0.3089,43.4239,-0.1413,0.54
65,44.72,44.2185,0.0233,44.6543,-0.2666,0.44
66,45.21,44.6922,-0.0726,45.1110,-0.3090,0.43
67,45.69,45.1690,-0.1519,45.5593,-0.3404,0.42
68,46.29,45.7605,-0.2257,46.1003,-0.3591,0.41
69,46.75,46.2260,-0.2657,46.5143,-0.3591,0.39
70,47.16,46.6282,-0.2863,46.8638,-0.3591,0.37
71,47.57,47.0470,-0.2935,47.2152,-0.3434,0.34
72,48.09,47.5625,-0.2858,47.6435,-0.3091,0.30
73,48.67,48.1413,-0.2486,48.1038,-0.2502,0.25
74,49.72,49.1813,-0.1263,48.9111,-0.0954,0.30
75,50.97,50.4260,0.0469,49.8550,0.1143,0.57
76,51.76,51.2079,0.1559,50.4551,0.2562,0.77
77,52.23,51.6718,0.2111,50.8180,0.3369,0.88
78,52.81,52.2507,0.2470,51.2783,0.4120,1.00
79,53.42,52.8628,0.2376,51.7833,0.4598,1.11
80,53.86,53.2963,0.2019,52.1492,0.4699,1.17
81,55.29,54.7153,-0.0044,53.4895,0.4155,1.30
82,56.44,55.8408,-0.2083,54.6196,0.2554,1.37
83,57.10,56.4880,-0.3405,55.2810,0.1084,1.42
84,57.39,56.7695,-0.4102,55.5753,0.0341,1.43
85,57.68,57.0483,-0.4900,55.8652,-0.0594,1.45
86,58.06,57.4154,-0.6115,56.2438,-0.2106,1.48
87,58.56,57.8801,-0.7944,56.7222,-0.4270,1.51
88,59.03,58.3034,-0.9920,57.1537,-0.6615,1.53
89,59.55,58.7558,-1.2393,57.6289,-0.9517,1.54
90,60.06,59.1909,-1.5158,58.0629,-1.2974,1.57
91,61.43,60.2848,-2.3397,59.1219,-2.2875,1.64
92,61.90,60.6358,-2.6480,59.4390,-2.6469,1.66
93,62.65,61.1831,-3.1713,59.9621,-3.2332,1.69
94,64.02,62.1497,-4.1413,60.8426,-4.3867,1.85
95,64.59,62.5311,-4.5566,61.1513,-4.8909,1.95
96,64.85,62.6940,-4.7564,61.2751,-5.1267,1.99
97,65.17,62.8853,-5.0157,61.4336,-5.4195,2.03
98,65.60,63.1271,-5.3773,61.6212,-5.8353,2.07
99,66.22,63.4330,-5.9076,61.8242,-6.4515,2.13
100,68.65,64.5654,-8.0607,62.3741,-8.9320,2.61
101,69.81,65.0849,-9.0978,62.5206,-10.1525,2.98
102,70.18,65.2374,-9.4356,62.5242,-10.5541,3.13
103,70.89,65.5190,-10.0861,62.4980,-11.3172,3.43
104,72.13,66.0196,-11.2211,62.4838,-12.6738,3.97
105,73.03,66.3769,-12.0495,62.4825,-13.6811,4.37
106,73.40,66.5176,-12.3923,62.4791,-14.0996,4.53
107,73.58,66.5831,-12.5570,62.4755,-14.2998,4.60
108,73.79,66.6587,-12.7523,62.4694,-14.5363,4.69
109,74.22,66.8079,-13.1609,62.4486,-15.0276,4.86
110,74.71,66.9617,-13.6191,62.4132,-15.5735,5.04
111,75.49,67.1895,-14.3749,62.3268,-16.4584,5.30
112,76.57,67.4634,-15.4190,62.1553,-17.6503,5.61
113,77.28,67.6290,-16.1083,62.0127,-18.4182,5.79
114,77.64,67.7159,-16.4519,61.9387,-18.7966,5.88
115,78.09,67.8456,-16.8840,61.8604,-19.2762,6.02
116,78.56,68.0065,-17.3226,61.7906,-19.7639,6.19
117,79.23,68.2860,-17.9388,61.7267,-20.4659,6.48
118,80.55,68.9374,-19.0882,61.6455,-21.8407,7.15
119,81.05,69.2167,-19.5022,61.6629,-22.3848,7.41
120,81.55,69.5211,-19.8981,61.7212,-22.9207,7.67
121,82.08,69.8702,-20.2991,61.8179,-23.4833,7.96
122,82.41,70.0937,-20.5312,61.8923,-23.8225,8.14
123,82.79,70.3738,-20.7978,62.0149,-24.2238,8.35
124,83.24,70.7162,-21.0915,62.1858,-24.6802,8.59
125,83.97,71.2994,-21.5221,62.5297,-25.3746,8.99
126,85.39,72.5014,-22.2740,63.3293,-26.6411,9.70
127,86.69,73.6256,-22.9366,64.1470,-27.7212,10.21
128,87.37,74.2137,-23.2712,64.6121,-28.2380,10.41
129,87.77,74.5726,-23.4540,64.9024,-28.5292,10.53
130,88.14,74.9108,-23.6055,65.1895,-28.7704,10.63
131,88.63,75.3601,-23.7835,65.5748,-29.0588,10.78
132,89.50,76.1754,-24.0870,66.2835,-29.5164,11.00
133,90.49,77.1153,-24.4253,67.0925,-29.9584,11.21
134,91.06,77.6522,-24.5976,67.5527,-30.1543,11.32
135,91.48,78.0565,-24.7072,67.8795,-30.2642,11.42
136,92.33,78.8854,-24.9120,68.5331,-30.4304,11.61
137,94.62,81.1051,-25.4658,70.0302,-30.6698,12.19
138,95.33,81.7922,-25.6403,70.4374,-30.7089,12.39
139,95.96,82.4012,-25.7948,70.7869,-30.7324,12.58
140,96.65,83.0730,-25.9639,71.1719,-30.7660,12.79
141,97.31,83.7140,-26.1232,71.5497,-30.7951,12.98
142,97.97,84.3554,-26.2812,71.9389,-30.8224,13.17
143,98.40,84.7779,-26.3846,72.2189,-30.8462,13.27
144,98.74,85.1070,-26.4632,72.4379,-30.8632,13.35
145,98.94,85.2958,-26.5049,72.5629,-30.8632,13.40
146,99.29,85.6442,-26.5697,72.8137,-30.8696,13.47
147,100.27,86.6168,-26.7105,73.5429,-30.8757,13.66
148,103.12,89.4462,-27.0662,76.0227,-30.9156,13.90
149,103.93,90.2463,-27.1591,76.7909,-30.9682,13.91
150,104.30,90.6155,-27.1912,77.1513,-30.9926,13.91
151,104.72,91.0340,-27.2088,77.5603,-31.0042,13.91
152,105.53,91.8395,-27.2037,78.3536,-31.0088,13.92
153,106.59,92.9024,-27.1742,79.4092,-31.0327,13.94
154,107.39,93.7075,-27.1473,80.2122,-31.0809,13.95
155,107.88,94.1899,-27.1170,80.6947,-31.1075,13.95
156,108.26,94.5743,-27.0754,81.0810,-31.1247,13.96
157,108.68,94.9880,-27.0098,81.4998,-31.1294,13.98
158,109.39,95.6831,-26.8710,82.2124,-31.1293,14.00
159,110.57,96.8291,-26.6064,83.4145,-31.1150,14.03
160,111.07,97.3106,-26.4739,83.9325,-31.0857,14.05
161,111.41,97.6326,-26.3701,84.2878,-31.0433,14.05
162,111.82,98.0254,-26.2247,84.7268,-30.9711,14.05
163,112.28,98.4397,-26.0460,85.1969,-30.8719,14.05
164,114.47,100.4184,-25.1052,87.3473,-29.9812,14.05
165,115.45,101.2880,-24.6472,88.2623,-29.4686,14.07
166,116.03,101.7828,-24.3448,88.7689,-29.1056,14.10
167,116.35,102.0487,-24.1627,89.0416,-28.8933,14.11
168,116.71,102.3325,-23.9504,89.3223,-28.6381,14.13
169,117.09,102.6310,-23.7046,89.6091,-28.3402,14.15
170,117.58,102.9865,-23.3772,89.9510,-27.9523,14.17
171,118.20,103.4174,-22.9199,90.3438,-27.4036,14.20
172,118.69,103.7231,-22.5455,90.6056,-26.9588,14.23
173,119.14,103.9871,-22.1798,90.8141,-26.5255,14.25
174,120.36,104.6454,-21.1474,91.2714,-25.3074,14.34
175,121.52,105.2481,-20.1562,91.5980,-24.1418,14.53
176,122.72,105.8655,-19.1364,91.8537,-22.9281,14.85
177,123.20,106.1035,-18.7157,91.9212,-22.4307,15.00
178,123.50,106.2437,-18.4436,91.9558,-22.1111,15.09
179,123.92,106.4191,-18.0632,91.9707,-21.6689,15.22
180,124.76,106.7375,-17.2883,91.9373,-20.7829,15.50
181,125.84,107.1298,-16.2827,91.8950,-19.6288,15.85
182,126.78,107.4590,-15.4082,91.8799,-18.5801,16.13
183,127.32,107.6347,-14.8894,91.8649,-17.9372,16.28
184,127.89,107.7960,-14.3491,91.8356,-17.2588,16.42
185,128.84,108.0593,-13.4357,91.7981,-16.0502,16.63
186,131.00,108.6590,-11.3619,91.7774,-13.1106,17.11
187,131.69,108.8432,-10.6940,91.7753,-12.1489,17.27
188,132.19,108.9648,-10.2096,91.7625,-11.4631,17.37
189,132.70,109.0752,-9.7060,91.7339,-10.7679,17.47
190,133.17,109.1613,-9.2468,91.6923,-10.1495,17.55
191,133.86,109.2693,-8.5626,91.6068,-9.2624,17.64
192,134.83,109.3958,-7.6042,91.4464,-8.0888,17.76
193,135.48,109.4730,-6.9644,91.3148,-7.3474,17.84
194,135.91,109.5352,-6.5339,91.2319,-6.8552,17.90
195,136.31,109.6124,-6.1386,91.1602,-6.4165,17.98
196,136.76,109.7223,-5.7011,91.0987,-5.9280,18.08
197,137.76,110.0211,-4.7480,91.0388,-4.7874,18.32
198,138.25,110.1932,-4.2963,91.0903,-4.2343,18.40
199,138.79,110.4210,-3.7982,91.2043,-3.6281,18.48
200,139.33,110.6743,-3.3308,91.3738,-3.0438,18.55
201,139.78,110.9120,-2.9473,91.5656,-2.5749,18.60
202,140.08,111.0845,-2.6945,91.7086,-2.2680,18.63
203,140.47,111.3163,-2.3850,91.9062,-1.8759,18.67
204,140.95,111.6260,-2.0139,92.2187,-1.4099,18.71
205,141.47,111.9805,-1.6396,92.5887,-0.9505,18.74
206,141.95,112.3349,-1.3110,92.9593,-0.5604,18.76
207,142.39,112.6705,-1.0342,93.3066,-0.2296,18.78
208,142.81,113.0077,-0.7858,93.6702,0.0659,18.80
209,143.19,113.3307,-0.5731,94.0305,0.3174,18.81
210,143.61,113.6921,-0.3614,94.4403,0.5664,18.83
211,144.22,114.2397,-0.0877,95.0888,0.8541,18.83
212,145.19,115.1290,0.2912,96.1462,1.1733,18.81
213,145.67,115.5830,0.4570,96.7060,1.2497,18.79
214,146.11,115.9997,0.5817,97.1857,1.2556,18.77
215,146.67,116.5491,0.7089,97.7793,1.2314,18.76
216,147.14,117.0100,0.7851,98.2570,1.1763,18.75
217,147.64,117.5066,0.8383,98.7581,1.1104,18.75
218,148.62,118.4865,0.9130,99.7409,0.9920,18.75
219,149.77,119.6271,0.9998,100.8846,0.9240,18.75
220,150.75,120.6075,1.0676,101.8668,0.9240,18.75
221,151.31,121.1705,1.0986,102.4298,0.9240,18.75
222,151.70,121.5569,1.1144,102.8156,0.9320,18.75
223,152.36,122.2173,1.1256,103.4733,0.9451,18.75
224,152.94,122.7972,1.1181,104.0498,0.9503,18.75
225,153.31,123.1675,1.1041,104.4154,0.9503,18.76
226,153.60,123.4570,1.0876,104.7011,0.9503,18.76
227,154.03,123.8907,1.0532,105.1292,0.9488,18.77
228,154.68,124.5311,0.9816,105.7525,0.9360,18.78
229,155.24,125.0880,0.8928,106.2899,0.9052,18.80
230,155.92,125.7499,0.7523,106.9219,0.8442,18.83
231,157.02,126.8145,0.4939,107.8886,0.7357,18.93
232,158.16,127.9257,0.2226,108.7856,0.6404,19.14
233,158.80,128.5518,0.0699,109.2321,0.5912,19.33
234,159.17,128.9113,-0.0200,109.4671,0.5611,19.45
235,159.92,129.6303,-0.1994,109.8881,0.5017,19.76
236,160.72,130.4147,-0.3826,110.2519,0.4465,20.19
237,161.43,131.1122,-0.5093,110.5108,0.4465,20.63
238,162.38,132.0543,-0.6356,110.7770,0.4465,21.31
239,163.23,132.9012,-0.7443,110.9535,0.4586,21.99
240,163.77,133.4288,-0.8100,111.0403,0.4659,22.43
241,164.01,133.6689,-0.8375,111.0795,0.4715,22.64
242,164.41,134.0696,-0.8782,111.1362,0.4846,22.98
243,165.04,134.6962,-0.9243,111.2249,0.5225,23.52
244,165.76,135.4207,-0.9506,111.3351,0.5940,24.14
245,166.55,136.2101,-0.9534,111.4756,0.7017,24.78
246,166.97,136.6290,-0.9484,111.5547,0.7663,25.12
247,167.70,137.3540,-0.9503,111.7279,0.8772,25.67
248,168.21,137.8689,-0.9762,111.8641,0.9363,26.05
249,168.63,138.2853,-1.0210,111.9886,0.9654,26.35
250,168.99,138.6354,-1.0763,112.0940,0.9654,26.59
251,169.34,138.9827,-1.1473,112.2177,0.9654,26.82
252,169.68,139.3110,-1.2291,112.3365,0.9579,27.04
253,170.05,139.6667,-1.3329,112.4691,0.9289,27.27
254,170.69,140.2815,-1.5259,112.7269,0.8815,27.64
255,171.47,141.0186,-1.7599,113.0575,0.8360,28.06
256,172.37,141.8781,-2.0342,113.4772,0.8128,28.53
257,172.90,142.3844,-2.1964,113.7396,0.7979,28.80
258,173.90,143.3354,-2.5019,114.2702,0.7333,29.26
259,174.41,143.8261,-2.6601,114.5681,0.7025,29.48
260,174.51,143.9181,-2.6898,114.6253,0.6949,29.52
261,175.01,144.3932,-2.8437,114.9197,0.6463,29.74
262,175.98,145.3126,-3.1422,115.5354,0.5201,30.12
263,176.54,145.8481,-3.3188,115.9230,0.4332,30.33
264,176.62,145.9243,-3.3449,115.9775,0.4182,30.36
265,177.02,146.3012,-3.4869,116.2492,0.3299,30.51
266,177.83,147.0323,-3.8252,116.8245,0.0790,30.76
267,178.41,147.5357,-4.1132,117.2381,-0.1755,30.92
268,178.75,147.8187,-4.2987,117.4661,-0.3519,31.00
269,179.62,148.5212,-4.8118,118.0398,-0.8695,31.21
270,180.38,149.0975,-5.3029,118.5042,-1.4066,31.36
271,180.89,149.4621,-5.6675,118.8000,-1.8149,31.46
272,181.33,149.7507,-5.9929,119.0305,-2.1884,31.53
273,181.78,150.0304,-6.3468,119.2287,-2.6035,31.61
274,182.20,150.2713,-6.6895,119.3848,-3.0071,31.67
275,182.66,150.5182,-7.0861,119.5223,-3.4727,31.75
276,183.08,150.7196,-7.4534,119.6086,-3.8945,31.81
277,183.32,150.8273,-7.6698,119.6542,-4.1422,31.84
278,183.60,150.9451,-7.9170,119.6945,-4.4269,31.88
279,184.36,151.2669,-8.6024,119.7525,-5.2443,32.05
280,185.24,151.6382,-9.4070,119.6791,-6.1563,32.40
281,185.66,151.8119,-9.7881,119.6524,-6.5689,32.56
282,185.82,151.8775,-9.9353,119.6433,-6.7274,32.62
283,186.37,152.0945,-10.4382,119.6351,-7.2719,32.80
284,187.32,152.4662,-11.3131,119.6086,-8.2303,33.14
285,188.19,152.8045,-12.1146,119.5614,-9.1041,33.49
286,188.56,152.9475,-12.4564,119.5355,-9.4723,33.65
287,188.80,153.0402,-12.6796,119.5246,-9.7113,33.74
288,189.30,153.2309,-13.1412,119.5390,-10.2075,33.92
289,189.83,153.4330,-13.6329,119.5498,-10.7431,34.10
290,190.40,153.6467,-14.1547,119.5199,-11.3087,34.34
291,191.20,153.9594,-14.8971,119.5246,-12.1090,34.67
292,191.80,154.1896,-15.4470,119.5639,-12.6991,34.88
293,192.18,154.3300,-15.8072,119.5908,-13.0841,34.99
294,192.75,154.5188,-16.3385,119.6191,-13.6515,35.15
295,193.54,154.7650,-17.0886,119.6239,-14.4441,35.39
296,194.50,155.0732,-18.0048,119.6329,-15.4109,35.70
297,195.20,155.3024,-18.6585,119.6651,-16.1036,35.92
298,195.79,155.4937,-19.2231,119.6969,-16.6997,36.11
299,196.16,155.6015,-19.5776,119.7095,-17.0702,36.22
300,197.32,155.8897,-20.7012,119.7245,-18.2302,36.50
301,199.16,156.2801,-22.4959,119.7614,-20.0669,36.89
302,199.58,156.3597,-22.9071,119.7777,-20.4857,36.97
303,199.64,156.3714,-22.9705,119.7797,-20.5502,36.98
304,199.95,156.4247,-23.2719,119.7866,-20.8563,37.03
305,200.71,156.5401,-24.0203,119.8103,-21.6135,37.15
306,201.24,156.6042,-24.5481,119.8112,-22.1452,37.21
307,201.75,156.6503,-25.0615,119.8112,-22.6606,37.26
308,202.21,156.6764,-25.5119,119.8112,-23.1118,37.28
309,202.67,156.6839,-25.9790,119.7907,-23.5790,37.29
310,203.69,156.6349,-26.9928,119.6965,-24.5939,37.24
311,206.93,156.3564,-30.2191,119.3622,-27.8322,36.96
312,207.72,156.2952,-31.0061,119.2857,-28.6216,36.90
313,208.42,156.2731,-31.7147,119.2425,-29.3306,36.88
314,209.25,156.2937,-32.5361,119.2276,-30.1522,36.90
315,210.33,156.3417,-33.6144,119.2023,-31.2316,36.95
316,210.97,156.3760,-34.2579,119.1796,-31.8752,36.98
317,211.31,156.3990,-34.5955,119.1616,-32.2108,37.01
318,211.57,156.4199,-34.8524,119.1479,-32.4647,37.03
319,211.89,156.4510,-35.1731,119.1295,-32.7827,37.07
320,212.40,156.5135,-35.6848,119.0932,-33.3048,37.16
321,213.60,156.6953,-36.8631,119.1013,-34.5075,37.30
322,214.19,156.8086,-37.4483,119.1038,-35.0973,37.41
323,214.80,156.9510,-38.0437,119.1038,-35.7088,37.55
324,215.35,157.0993,-38.5711,119.1118,-36.2567,37.70
325,216.01,157.3115,-39.1966,119.1544,-36.9172,37.91
326,217.00,157.6728,-40.1105,119.2396,-37.8999,38.27
327,217.90,158.0261,-40.9407,119.3212,-38.8005,38.61
328,218.35,158.2111,-41.3521,119.3585,-39.2495,38.81
329,218.65,158.3411,-41.6292,119.3789,-39.5554,38.95
330,219.99,158.9230,-42.8331,119.4992,-40.8940,39.56
331,220.89,159.2803,-43.6616,119.6066,-41.7877,39.88
332,221.28,159.4080,-44.0265,119.6336,-42.1760,39.99
333,221.93,159.6090,-44.6388,119.6443,-42.8257,40.18
334,223.28,160.0479,-45.9190,119.6924,-44.1800,40.61
335,224.42,160.4086,-47.0045,119.7558,-45.3239,40.97
336,224.92,160.5499,-47.4835,119.7754,-45.8233,41.11
337,225.16,160.6118,-47.7171,119.7754,-46.0649,41.17
338,225.58,160.7036,-48.1258,119.7754,-46.4838,41.26
339,226.58,160.8815,-49.1087,119.7757,-47.4827,41.44
340,227.76,161.0650,-50.2704,119.7757,-48.6588,41.62
341,228.48,161.1679,-50.9880,119.7757,-49.3838,41.73
342,228.85,161.2136,-51.3557,119.7799,-49.7544,41.77
343,229.16,161.2463,-51.6601,119.7837,-50.0606,41.81
344,229.59,161.2851,-52.0933,119.7837,-50.4957,41.84
345,230.05,161.3143,-52.5435,119.7837,-50.9470,41.87
346,231.21,161.3581,-53.7026,119.7809,-52.1084,41.92
347,231.79,161.3577,-54.2826,119.7708,-52.6900,41.92
348,232.53,161.3111,-55.0223,119.7244,-53.4350,41.87
349,233.73,161.1772,-56.2231,119.6122,-54.6560,41.74
350,234.86,161.0286,-57.3410,119.5010,-55.8094,41.59
351,235.51,160.9333,-57.9784,119.4304,-56.4799,41.49
352,235.81,160.8861,-58.2808,119.3951,-56.7996,41.44
353,236.31,160.8210,-58.7760,119.3483,-57.3289,41.37
354,237.20,160.7546,-59.6596,119.3110,-58.2820,41.31
355,238.33,160.7078,-60.7864,119.2868,-59.5301,41.26
356,239.18,160.6749,-61.6396,119.2576,-60.4988,41.22
357,239.87,160.6534,-62.3320,119.2284,-61.3013,41.19
358,240.42,160.6465,-62.8797,119.2065,-61.9503,41.19
359,241.08,160.6568,-63.5402,119.1991,-62.7421,41.19
360,241.53,160.6758,-63.9909,119.1991,-63.3018,41.21
361,242.10,160.7166,-64.5533,119.1991,-64.0084,41.25
362,242.74,160.7911,-65.1934,119.2295,-64.8555,41.32
363,243.80,160.9851,-66.2389,119.3430,-66.3390,41.51
364,244.82,161.2251,-67.2251,119.5020,-67.8913,41.76
365,245.67,161.4332,-68.0532,119.6457,-69.3135,41.98
366,246.24,161.5508,-68.6047,119.7247,-70.2962,42.11
367,246.80,161.6314,-69.1628,119.7714,-71.3159,42.21
368,247.35,161.6714,-69.7091,119.7822,-72.3254,42.28
369,248.23,161.6908,-70.5949,119.7868,-73.9711,42.35
370,250.86,161.7044,-73.2210,119.8705,-78.5392,42.60
371,251.47,161.6965,-73.8331,119.9069,-79.4463,42.66
372,251.79,161.6803,-74.1549,119.9109,-79.9389,42.69
373,252.13,161.6493,-74.4918,119.8762,-80.4299,42.73
374,252.58,161.5860,-74.9384,119.8183,-81.0270,42.76
375,253.08,161.4861,-75.4278,119.7155,-81.6852,42.78
376,253.60,161.3511,-75.9254,119.5885,-82.3096,42.78
377,254.07,161.2010,-76.3678,119.4308,-82.8444,42.77
378,254.49,161.0441,-76.7562,119.2928,-83.2952,42.73
379,255.45,160.6413,-77.6349,118.9100,-84.3056,42.63
380,257.22,159.8803,-79.2354,118.2585,-86.0461,42.49
381,258.21,159.4494,-80.1186,117.8512,-86.9808,42.46
382,258.66,159.2334,-80.5146,117.6482,-87.3923,42.45
383,259.40,158.8544,-81.1515,117.3075,-88.0641,42.41
384,260.40,158.3191,-81.9948,116.7984,-88.9503,42.38
385,260.86,158.0491,-82.3761,116.5453,-89.3527,42.36
386,261.38,157.7324,-82.7829,116.2532,-89.7895,42.33
387,262.30,157.1574,-83.4989,115.6882,-90.5441,42.30
388,262.99,156.7135,-84.0308,115.2347,-91.0915,42.30
389,263.38,156.4521,-84.3156,114.9690,-91.3867,42.30
390,264.02,155.9947,-84.7696,114.5140,-91.8581,42.29
391,267.39,153.5397,-87.0741,111.9470,-94.1265,42.35
392,268.02,153.0697,-87.4911,111.4420,-94.5227,42.39
393,268.20,152.9335,-87.6045,111.2977,-94.6331,42.40
394,268.76,152.4839,-87.9448,110.8078,-94.9403,42.42
395,269.31,152.0251,-88.2441,110.3223,-95.2209,42.43
396,269.79,151.6034,-88.4802,109.8773,-95.4336,42.43
397,270.45,151.0150,-88.7803,109.2515,-95.6944,42.43
398,271.47,150.1075,-89.2349,108.2719,-96.0501,42.45
399,272.29,149.3693,-89.5957,107.4785,-96.3028,42.47
400,272.74,148.9583,-89.7816,107.0412,-96.4285,42.48
401,273.21,148.5267,-89.9606,106.5814,-96.5442,42.49
402,274.20,147.6043,-90.3439,105.5907,-96.7569,42.51
403,275.32,146.5805,-90.7769,104.4862,-96.9638,42.55
404,275.94,145.9961,-91.0076,103.8476,-97.0298,42.56
405,276.27,145.6929,-91.1167,103.5199,-97.0357,42.57
406,276.98,145.0248,-91.3538,102.8107,-97.0391,42.58
407,277.86,144.1909,-91.6533,101.9264,-97.0794,42.60
408,278.67,143.4232,-91.8975,101.1155,-97.0817,42.61
409,281.78,140.4368,-92.7630,98.0059,-97.0829,42.64
410,282.55,139.6953,-92.9827,97.2277,-97.1264,42.66
411,282.81,139.4475,-93.0538,96.9654,-97.1304,42.67
412,283.13,139.1356,-93.1345,96.6366,-97.1391,42.68
413,284.50,137.8018,-93.4449,95.2298,-97.1779,42.73
414,286.35,135.9946,-93.8528,93.2101,-97.2410,42.91
415,287.13,135.2399,-94.0216,92.3139,-97.2780,43.03
416,287.56,134.8148,-94.1138,91.7811,-97.3058,43.14
417,287.87,134.5149,-94.1753,91.4062,-97.3219,43.21
418,288.14,134.2459,-94.2269,91.0579,-97.3376,43.28
419,288.53,133.8650,-94.2930,90.5490,-97.3581,43.41
420,289.01,133.3871,-94.3652,89.9118,-97.3742,43.56
421,289.38,133.0197,-94.4135,89.3898,-97.3932,43.71
422,289.77,132.6352,-94.4543,88.8452,-97.4030,43.87
423,290.15,132.2498,-94.4856,88.2885,-97.4119,44.04
424,290.57,131.8315,-94.5084,87.6657,-97.4264,44.24
425,292.07,130.3335,-94.5357,85.3035,-97.2776,44.99
426,293.01,129.3993,-94.5173,84.0364,-96.4151,45.40
427,293.75,128.6591,-94.4809,83.0359,-95.8944,45.65
428,293.94,128.4661,-94.4694,82.7866,-95.7378,45.70
429,294.28,128.1283,-94.4501,82.3752,-95.4558,45.76
430,294.96,127.4523,-94.4203,81.6113,-94.8259,45.84
431,295.57,126.8402,-94.4082,81.0071,-94.2281,45.83
432,296.12,126.2925,-94.4152,80.5023,-93.6777,45.80
433,296.66,125.7453,-94.4407,80.0639,-93.1220,45.70
434,305.09,130.9906,-87.8396,78.3313,-84.4634,52.77
435,306.01,130.0889,-88.0133,78.3313,-83.5447,51.95
436,307.14,128.9888,-88.2616,78.3313,-82.4168,50.99
437,307.90,128.2516,-88.4344,78.3313,-81.6596,50.38
438,308.59,127.5716,-88.5669,78.3313,-80.9669,49.82
439,309.93,126.2444,-88.7300,78.3313,-79.6297,48.77
440,310.49,125.6813,-88.7595,78.3313,-79.0658,48.33
441,311.06,125.1175,-88.7511,78.3313,-78.5019,47.90
442,311.47,124.6997,-88.7214,77.8633,-78.0831,47.57
443,311.96,124.2200,-88.6617,77.8436,-77.5997,47.20
444,312.81,123.3771,-88.5257,77.8045,-76.7459,46.56
445,313.65,122.5542,-88.3687,77.7528,-75.9081,45.94
446,314.36,121.8636,-88.2087,77.7055,-75.1992,45.43
447,314.71,121.5218,-88.1147,77.6859,-74.8448,45.18
448,315.36,120.9120,-87.9064,77.6859,-74.2004,44.73
449,316.16,120.1771,-87.5764,77.6859,-73.3948,44.18
450,316.68,119.7264,-87.3261,77.7053,-72.8794,43.84
451,317.11,119.3593,-87.0928,77.7458,-72.4446,43.56
452,317.55,119.0056,-86.8397,77.7905,-72.0100,43.29
453,318.43,118.3067,-86.2949,77.8915,-71.1251,42.76
454,319.66,117.3545,-85.5252,77.9821,-69.9059,42.03
455,320.54,116.6747,-84.9568,78.0160,-69.0302,41.52
456,320.93,116.3865,-84.6990,78.0364,-68.6510,41.30
457,322.09,115.5526,-83.8928,78.0590,-67.5457,40.70
458,323.86,114.3106,-82.6286,77.8876,-65.9718,39.91
459,324.68,113.7454,-82.0322,77.7306,-65.3306,39.58
460,325.02,113.5197,-81.7802,77.6584,-65.0747,39.45
461,325.78,113.0248,-81.2071,77.4875,-64.5714,39.15
462,327.00,112.2198,-80.2845,77.1639,-63.8869,38.64
463,328.10,111.4972,-79.4611,76.8775,-63.4246,38.10
464,328.78,111.0537,-78.9501,76.7086,-63.1884,37.74
465,329.03,110.8870,-78.7534,76.6421,-63.1015,37.60
466,329.24,110.7536,-78.5920,76.5952,-63.0349,37.49
467,329.55,110.5610,-78.3540,76.5290,-62.9351,37.32
468,329.92,110.3345,-78.0608,76.4510,-62.8116,37.12
469,330.58,109.9498,-77.5238,76.3296,-62.5743,36.79
470,331.63,109.3732,-76.6497,76.1427,-62.1494,36.31
471,332.97,108.6468,-75.5270,75.8345,-61.5207,35.80
472,333.50,108.3387,-75.0937,75.6530,-61.2389,35.63
473,334.32,107.8071,-74.4672,75.2801,-60.8376,35.38
474,334.82,107.4528,-74.1152,74.9966,-60.6145,35.24
475,335.22,107.1514,-73.8481,74.7371,-60.4429,35.14
476,335.64,106.8240,-73.5868,74.4404,-60.2765,35.04
477,336.04,106.4969,-73.3517,74.1370,-60.1427,34.95
478,336.53,106.0893,-73.0920,73.7313,-59.9837,34.87
479,337.48,105.2615,-72.6249,72.8601,-59.7525,34.72
480,338.19,104.6219,-72.3192,72.1694,-59.6635,34.62
481,338.73,104.1121,-72.1190,71.6294,-59.6339,34.56
482,339.12,103.7452,-71.9967,71.2530,-59.6264,34.51
483,339.44,103.4353,-71.9088,70.9383,-59.6266,34.48
484,339.83,103.0590,-71.8199,70.5668,-59.6451,34.44
485,340.18,102.7106,-71.7548,70.2250,-59.6641,34.42
486,340.70,102.1994,-71.6878,69.7241,-59.6996,34.38
487,342.15,100.7524,-71.5955,68.3134,-59.7898,34.32
488,342.87,100.0275,-71.6090,67.6153,-59.8361,34.30
489,343.28,99.6264,-71.6458,67.2359,-59.8730,34.29
490,343.68,99.2277,-71.7025,66.8604,-59.9216,34.29
491,344.53,98.3860,-71.8464,66.0927,-60.0159,34.26
492,345.39,97.5446,-71.9918,65.3733,-60.0719,34.20
493,346.11,96.8311,-72.1205,64.8062,-60.0771,34.10
494,347.19,95.7712,-72.3246,64.0817,-60.0774,33.86
495,347.85,95.1242,-72.4578,63.7037,-60.0800,33.65
496,348.69,94.3080,-72.6466,63.3142,-60.0565,33.31
497,349.33,93.6857,-72.8139,63.0723,-60.0462,33.01
498,349.64,93.3927,-72.9027,62.9769,-60.0448,32.86
499,349.82,93.2240,-72.9567,62.9221,-60.0477,32.78
500,350.20,92.8580,-73.0815,62.8241,-60.0530,32.57
501,350.83,92.2702,-73.3034,62.6969,-60.0627,32.24
502,351.28,91.8536,-73.4764,62.6283,-60.0759,31.99
503,351.69,91.4862,-73.6414,62.5786,-60.0935,31.76
504,352.17,91.0523,-73.8543,62.5271,-60.1259,31.51
505,352.89,90.4164,-74.2026,62.4720,-60.1923,31.14
506,354.02,89.4459,-74.7770,62.4014,-60.3103,30.60
507,355.10,88.5279,-75.3449,62.3140,-60.4303,30.15
508,355.76,87.9707,-75.6995,62.2327,-60.5116,29.91
509,356.25,87.5632,-75.9595,62.1537,-60.5725,29.77
510,357.04,86.8946,-76.3792,61.9898,-60.6704,29.56
511,357.53,86.4623,-76.6293,61.8350,-60.7224,29.46
512,358.63,85.4802,-77.1148,61.4176,-60.7825,29.26
513,359.79,84.4200,-77.5854,60.8203,-60.8493,29.16
514,360.71,83.5742,-77.9432,60.2226,-60.9563,29.17
515,361.01,83.2887,-78.0535,60.0072,-60.9885,29.17
516,361.30,83.0145,-78.1478,59.7705,-61.0210,29.18
517,361.74,82.5970,-78.2700,59.4139,-61.0410,29.20
518,362.38,81.9697,-78.4177,58.8624,-61.0535,29.22
519,363.32,81.0537,-78.6020,58.0231,-61.0858,29.28
520,364.88,79.5076,-78.8294,56.5357,-61.1970,29.37
521,365.40,78.9934,-78.8675,56.0315,-61.2481,29.39
522,365.80,78.5907,-78.8762,55.6362,-61.2742,29.39
523,366.25,78.1399,-78.8623,55.1926,-61.3012,29.37
524,366.78,77.6105,-78.8129,54.6687,-61.3208,29.34
525,367.27,77.1334,-78.7354,54.1940,-61.3208,29.29
526,367.72,76.6936,-78.6354,53.7520,-61.3208,29.23
527,368.17,76.2602,-78.5101,53.3121,-61.3151,29.15
528,369.52,74.9913,-78.0397,51.9204,-61.2559,28.91
529,370.00,74.5523,-77.8375,51.4116,-61.1545,28.85
530,370.39,74.2108,-77.6562,51.0227,-61.0626,28.79
531,370.75,73.9058,-77.4757,50.6807,-60.9418,28.74
532,371.21,73.5163,-77.2176,50.2512,-60.7576,28.68
533,371.78,73.0678,-76.8758,49.7578,-60.4962,28.61
534,372.29,72.6808,-76.5353,49.3372,-60.2095,28.54
535,372.71,72.3836,-76.2401,49.0244,-59.9431,28.49
536,373.27,72.0015,-75.8253,48.6477,-59.5520,28.43
537,376.11,70.0988,-73.7230,46.9308,-57.5597,28.09
538,377.37,69.2606,-72.7868,46.3647,-56.4798,27.91
539,377.82,68.9723,-72.4399,46.1910,-56.0634,27.84
540,378.06,68.8248,-72.2485,46.1093,-55.8320,27.79
541,378.67,68.4748,-71.7462,45.9439,-55.2236,27.68
542,379.22,68.1938,-71.2759,45.8488,-54.6670,27.56
543,379.86,67.8978,-70.7035,45.8345,-53.9961,27.41
544,380.72,67.5176,-69.9390,45.8283,-53.1369,27.16
545,381.52,67.1491,-69.2227,45.8282,-52.3356,26.93
546,382.06,66.9047,-68.7505,46.1756,-51.8058,26.77
547,382.78,66.5760,-68.1043,46.1756,-51.0819,26.57
548,383.26,66.3626,-67.6706,46.1756,-50.5990,26.44
549,384.04,66.0392,-66.9682,46.1756,-49.8261,26.24
550,384.49,65.8633,-66.5528,46.1756,-49.3750,26.13
551,385.79,65.4024,-65.3320,46.1756,-48.0702,25.84
552,386.63,65.1296,-64.5398,46.1756,-47.2323,25.67
553,387.19,64.9307,-64.0122,46.1756,-46.6683,25.55
554,393.75,71.4648,-64.5257,46.1756,-39.9800,35.24
555,394.17,71.2835,-64.1480,46.1755,-39.5208,35.17
556,394.57,71.0904,-63.7946,46.1742,-39.0674,35.10
557,395.04,70.8441,-63.3975,46.1613,-38.5391,35.03
558,396.05,70.2605,-62.5672,46.0119,-37.3389,34.99
559,396.83,69.7689,-61.9702,45.7704,-36.3954,35.07
560,397.34,69.4102,-61.5999,45.5417,-35.7634,35.17
561,397.89,69.0049,-61.2314,45.2388,-35.1032,35.32
562,398.34,68.6539,-60.9481,45.6315,-34.1390,35.48
563,398.86,68.2346,-60.6481,45.1730,-33.5017,35.68
564,399.34,67.8251,-60.3913,44.6907,-32.9330,35.89
565,399.77,67.4439,-60.1819,44.2109,-32.4547,36.09
566,400.87,66.4548,-59.7109,42.8511,-31.4367,36.59
567,401.45,65.9154,-59.4978,42.0523,-31.0202,36.82
568,401.93,65.4549,-59.3510,41.3540,-30.7508,37.00
569,402.37,65.0335,-59.2429,40.7197,-30.5831,37.13
570,402.84,64.5751,-59.1528,40.0478,-30.4832,37.25
571,403.32,64.0960,-59.0888,39.3766,-30.4237,37.37
572,403.77,63.6461,-59.0559,38.7542,-30.4211,37.46
573,404.16,63.2595,-59.0481,38.2416,-30.4541,37.53
574,404.40,63.0179,-59.0531,37.9374,-30.4807,37.58
575,404.99,62.4225,-59.0813,37.1983,-30.5641,37.69
576,406.32,61.1068,-59.2007,35.6557,-30.7022,37.93
577,407.85,59.5891,-59.3985,33.9659,-30.8113,38.19
578,408.78,58.6625,-59.5186,32.9783,-30.8113,38.32
579,408.91,58.5346,-59.5344,32.8428,-30.8113,38.34
580,409.34,58.1033,-59.5914,32.3932,-30.8088,38.40
581,409.92,57.5295,-59.6760,31.7966,-30.7968,38.47
582,410.41,57.0528,-59.7558,31.3052,-30.7813,38.54
583,410.81,56.6571,-59.8305,30.8966,-30.7744,38.61
584,411.07,56.4046,-59.8828,30.6356,-30.7723,38.65
585,411.44,56.0432,-59.9645,30.2626,-30.7723,38.72
586,411.91,55.5902,-60.0787,29.7923,-30.7723,38.82
587,412.94,54.5981,-60.3597,28.7579,-30.7841,39.06
588,413.66,53.9125,-60.5954,28.0285,-30.8157,39.26
589,415.35,52.3480,-61.2386,26.3462,-30.9779,39.80
590,416.61,51.1985,-61.7465,25.0851,-31.0577,40.28
591,417.19,50.6693,-61.9839,24.5050,-31.1096,40.50
592,417.42,50.4633,-62.0757,24.2795,-31.1294,40.58
593,417.93,49.9918,-62.2841,23.7640,-31.1730,40.77
594,418.72,49.2675,-62.5982,22.9745,-31.2402,41.05
595,419.30,48.7302,-62.8164,22.3946,-31.2811,41.24
596,419.96,48.1067,-63.0346,21.7340,-31.3000,41.44
597,420.96,47.1521,-63.3286,20.7352,-31.3112,41.69
598,421.88,46.2716,-63.5894,19.8169,-31.3354,41.92
599,422.46,45.7138,-63.7485,19.2368,-31.3592,42.05
600,422.81,45.3718,-63.8413,18.8825,-31.3714,42.13
601,423.20,44.9972,-63.9371,18.4958,-31.3854,42.22
602,423.67,44.5423,-64.0435,18.0286,-31.3998,42.31
603,424.21,44.0054,-64.1525,17.4808,-31.4031,42.40
604,424.63,43.5927,-64.2241,17.0619,-31.4031,42.46
605,424.99,43.2422,-64.2768,16.7075,-31.4031,42.50
606,425.39,42.8428,-64.3285,16.3048,-31.3994,42.54
607,425.83,42.4103,-64.3746,15.8698,-31.3860,42.58
608,426.26,41.9767,-64.4099,15.4348,-31.3685,42.61
609,426.79,41.4458,-64.4382,14.9031,-31.3378,42.63
610,428.45,39.7865,-64.4595,13.2437,-31.2104,42.65
611,429.45,38.7882,-64.4281,12.2449,-31.1038,42.63
612,429.87,38.3699,-64.4047,11.8259,-31.0499,42.61
613,430.06,38.1770,-64.3929,11.6327,-31.0238,42.60
614,430.42,37.8231,-64.3719,11.2781,-30.9756,42.58
615,430.96,37.2760,-64.3457,10.7304,-30.9073,42.56
616,431.48,36.7606,-64.3339,10.2149,-30.8497,42.55
617,432.00,36.2451,-64.3399,9.6993,-30.8093,42.56
618,432.43,35.8106,-64.3611,9.2643,-30.7824,42.58
619,432.75,35.4894,-64.3865,8.9421,-30.7721,42.60
620,433.11,35.1368,-64.4221,8.5877,-30.7654,42.63
621,433.53,34.7210,-64.4729,8.1688,-30.7617,42.67
622,433.93,34.3226,-64.5325,7.7651,-30.7618,42.72
623,434.51,33.7509,-64.6297,7.1780,-30.7660,42.79
624,434.69,33.5764,-64.6609,6.9967,-30.7714,42.82
625,435.11,33.1648,-64.7389,6.5662,-30.7946,42.86
626,435.70,32.5800,-64.8540,5.9612,-30.8507,42.91
627,436.49,31.8060,-65.0095,5.1685,-30.9113,42.96
628,436.72,31.5851,-65.0551,4.9374,-30.9287,42.98
629,437.30,31.0201,-65.1860,4.3412,-31.0014,43.01
630,438.23,30.1228,-65.4467,3.3947,-31.1956,43.05
631,438.87,29.5141,-65.6582,2.7538,-31.3798,43.07
632,439.25,29.1675,-65.7895,2.3915,-31.4960,43.08
633,439.62,28.8237,-65.9276,2.0331,-31.6191,43.09
634,440.05,28.4242,-66.0998,1.6190,-31.7773,43.10
635,440.49,28.0299,-66.2834,1.2020,-31.9353,43.12
636,440.94,27.6262,-66.4848,0.7755,-32.1240,43.14
637,441.39,27.2284,-66.6974,0.3494,-32.3198,43.16
638,441.87,26.8092,-66.9379,-0.0921,-32.5558,43.17
639,442.23,26.5068,-67.1229,-0.4099,-32.7332,43.18
640,442.71,26.1019,-67.3868,-0.8387,-32.9861,43.20
641,443.24,25.6650,-67.6898,-1.3037,-33.2857,43.21
642,443.79,25.2246,-68.0155,-1.7673,-33.6130,43.22
643,444.35,24.7846,-68.3681,-2.2284,-33.9674,43.23
644,444.84,24.4192,-68.6845,-2.6143,-34.2835,43.24
645,445.13,24.2051,-68.8800,-2.8387,-34.4783,43.25
646,445.37,24.0295,-69.0461,-3.0226,-34.6430,43.26
647,445.82,23.7099,-69.3644,-3.3641,-34.9525,43.28
648,446.48,23.2612,-69.8491,-3.8603,-35.4266,43.32
649,447.67,22.4863,-70.7551,-4.6789,-36.3550,43.33
650,448.14,22.1938,-71.1195,-4.9883,-36.7251,43.33
651,448.57,21.9327,-71.4674,-5.2712,-37.0762,43.33
652,449.04,21.6648,-71.8502,-5.5532,-37.4683,43.33
653,449.52,21.4027,-72.2562,-5.8421,-37.8772,43.33
654,449.98,21.1735,-72.6448,-6.0882,-38.2759,43.34
655,450.44,20.9533,-73.0569,-6.3280,-38.6972,43.35
656,450.80,20.7975,-73.3752,-6.5008,-39.0204,43.36
657,451.18,20.6381,-73.7275,-6.6810,-39.3772,43.38
658,451.60,20.4779,-74.1145,-6.8646,-39.7684,43.40
659,452.12,20.2973,-74.5974,-7.0692,-40.2600,43.43
660,452.59,20.1489,-75.0404,-7.2486,-40.7109,43.45
661,453.12,19.9961,-75.5496,-7.4246,-41.2353,43.48
662,453.52,19.8918,-75.9387,-7.5524,-41.6328,43.50
663,453.97,19.7884,-76.3778,-7.6687,-42.0860,43.52
664,454.42,19.6993,-76.8200,-7.7818,-42.5369,43.54
665,454.91,19.6202,-77.2968,-7.8765,-43.0243,43.56
666,455.89,19.4937,-78.2714,-8.0491,-44.0193,43.61
667,456.50,19.4374,-78.8810,-8.1388,-44.6366,43.63
668,457.26,19.3977,-79.6371,-8.2308,-45.4131,43.67
669,458.00,19.3823,-80.3781,-8.2607,-46.1832,43.68
670,458.84,19.3939,-81.2158,-8.2775,-47.0338,43.69
671,459.50,19.4414,-81.8746,-8.2560,-47.7168,43.70
672,460.46,19.5570,-82.8343,-8.1587,-48.6908,43.72
673,461.14,19.6598,-83.5031,-8.0764,-49.3643,43.73
674,461.61,19.7499,-83.9615,-7.9974,-49.8238,43.75
675,461.99,19.8409,-84.3373,-7.9200,-50.2025,43.77
676,462.49,19.9842,-84.8158,-7.8092,-50.6774,43.80
677,463.52,20.3337,-85.7858,-7.5045,-51.6232,43.90
678,464.04,20.5309,-86.2621,-7.3241,-52.0782,43.95
679,465.07,20.9567,-87.2012,-6.9461,-52.9507,44.07
680,465.65,21.2116,-87.7222,-6.7280,-53.4206,44.14
681,466.18,21.4666,-88.1887,-6.5083,-53.8378,44.21
682,466.70,21.7325,-88.6304,-6.2859,-54.2359,44.29
683,467.47,22.1472,-89.2831,-5.9394,-54.8343,44.39
684,468.13,22.5071,-89.8370,-5.6282,-55.3427,44.47
685,468.55,22.7367,-90.1873,-5.4170,-55.6634,44.52
686,469.57,23.2961,-91.0342,-4.9094,-56.4609,44.61
687,470.05,23.5676,-91.4341,-4.6568,-56.8416,44.64
688,470.34,23.7374,-91.6692,-4.5017,-57.0770,44.66
689,470.85,24.0583,-92.0727,-4.1966,-57.4773,44.69
690,471.43,24.4479,-92.5023,-3.8067,-57.9048,44.71
691,471.87,24.7604,-92.8049,-3.4996,-58.2168,44.72
692,472.35,25.1233,-93.1242,-3.1410,-58.5541,44.73
693,473.40,25.9225,-93.8008,-2.3287,-59.2417,44.75
694,474.06,26.4321,-94.2211,-1.7943,-59.6536,44.76
695,474.45,26.7387,-94.4567,-1.4749,-59.8916,44.76
696,474.82,27.0419,-94.6697,-1.1593,-60.1071,44.76
697,475.27,27.4232,-94.9107,-0.7666,-60.3586,44.76
698,475.75,27.8455,-95.1458,-0.3283,-60.5918,44.76
699,476.20,28.2515,-95.3423,0.0916,-60.7886,44.75
700,476.96,28.9455,-95.6452,0.8204,-61.0848,44.73
701,478.15,30.0411,-96.1153,1.9549,-61.5372,44.73
702,479.07,30.8854,-96.4765,2.8363,-61.8486,44.76
703,479.84,31.6025,-96.7659,3.6017,-62.0629,44.80
704,480.30,32.0274,-96.9176,4.0545,-62.1716,44.83
705,481.04,32.7411,-97.1171,4.7996,-62.3146,44.87
706,482.44,34.1089,-97.4233,6.2386,-62.4517,44.96
707,483.24,34.8969,-97.5904,7.0650,-62.4725,45.06
708,483.65,35.2916,-97.6707,7.4755,-62.4734,45.12
709,483.92,35.5606,-97.7219,7.7534,-62.4765,45.15
710,484.23,35.8621,-97.7752,8.0665,-62.4852,45.19
711,485.26,36.8811,-97.9324,9.1286,-62.5133,45.28
712,485.74,37.3609,-97.9905,9.6332,-62.5252,45.31
713,486.21,37.8263,-98.0320,10.1259,-62.5252,45.33
714,486.61,38.2283,-98.0568,10.5559,-62.5252,45.33
715,487.18,38.7919,-98.0734,11.1624,-62.5185,45.32
716,487.84,39.4524,-98.0624,11.8848,-62.4888,45.27
717,488.61,40.2231,-97.9989,12.7442,-62.4183,45.17
718,489.61,41.2130,-97.8658,13.8671,-62.2909,44.98
719,490.61,42.2003,-97.7144,14.9952,-62.1542,44.78
720,491.09,42.6773,-97.6361,15.5399,-62.0834,44.67
721,491.44,43.0266,-97.5761,15.9355,-62.0270,44.60
722,491.81,43.3925,-97.5177,16.3491,-61.9723,44.52
723,492.43,44.0013,-97.4531,17.0227,-61.9056,44.43
724,493.49,45.0634,-97.4015,18.1729,-61.8277,44.34
725,494.52,46.0940,-97.3713,19.2613,-61.7299,44.28
726,495.17,46.7383,-97.3603,19.9310,-61.6515,44.25
727,495.89,47.4633,-97.3683,20.6746,-61.5523,44.25
728,496.41,47.9779,-97.3984,21.1983,-61.4774,44.27
729,497.36,48.9176,-97.5416,22.1590,-61.3853,44.37
730,497.87,49.4177,-97.6668,22.6778,-61.3564,44.46
731,498.29,49.8174,-97.7923,23.0985,-61.3322,44.55
732,498.68,50.1798,-97.9271,23.4891,-61.3195,44.64
733,499.16,50.6231,-98.1197,24.0109,-61.3234,44.77
734,499.58,50.9969,-98.3086,24.5058,-61.3593,44.86
735,500.00,51.3598,-98.5179,24.9958,-61.4591,44.94
736,501.08,52.2590,-99.1149,26.1793,-61.8677,45.06
737,501.64,52.7052,-99.4597,26.7522,-62.1981,45.09
738,502.54,53.3644,-100.0757,27.5753,-62.8079,45.12
739,502.98,53.6556,-100.3988,27.9287,-63.1445,45.12
740,503.38,53.9089,-100.7120,28.2342,-63.4690,45.13
741,503.80,54.1572,-101.0494,28.5250,-63.8316,45.13
742,504.22,54.3897,-101.3978,28.7957,-64.2195,45.13
743,504.67,54.6184,-101.7866,29.0469,-64.6545,45.13
744,505.19,54.8515,-102.2464,29.2863,-65.1743,45.12
745,505.70,55.0544,-102.7204,29.4756,-65.7169,45.12
746,506.19,55.2163,-103.1758,29.5938,-66.2378,45.12
747,506.94,55.4403,-103.8991,29.6991,-67.0576,45.13
748,507.94,55.7261,-104.8562,29.7175,-68.1278,45.21
749,508.75,55.9468,-105.6309,29.6779,-68.9447,45.31
750,509.15,56.0429,-106.0220,29.6495,-69.3475,45.36
751,511.55,56.5611,-108.3659,29.5909,-71.7480,45.62
752,512.24,56.6940,-109.0458,29.5875,-72.4408,45.69
753,512.61,56.7495,-109.4122,29.5875,-72.8114,45.72
754,513.34,56.8497,-110.1302,29.5909,-73.5363,45.77
755,514.56,57.0272,-111.3417,29.6152,-74.7608,45.87
756,515.26,57.1132,-112.0291,29.6449,-75.4535,45.92
757,515.69,57.1493,-112.4626,29.6559,-75.8885,45.94
758,516.43,57.1985,-113.2021,29.6795,-76.6296,45.97
759,517.37,57.2559,-114.1347,29.7357,-77.5640,46.00
760,517.85,57.2685,-114.6179,29.7605,-78.0474,46.01
761,518.75,57.2459,-115.5198,29.7867,-78.9496,45.99
762,519.32,57.1992,-116.0817,29.7867,-79.5134,45.96
763,520.06,57.0976,-116.8158,29.7867,-80.2545,45.90
764,521.12,56.9194,-117.8641,29.7836,-81.3178,45.78
765,521.72,56.7930,-118.4466,29.7778,-81.9139,45.69
766,522.09,56.6936,-118.8036,29.7563,-82.2844,45.62
767,522.47,56.5720,-119.1707,29.7270,-82.6710,45.53
768,522.68,56.4989,-119.3669,29.7035,-82.8804,45.48
769,523.05,56.3648,-119.7123,29.6582,-83.2508,45.38
770,525.70,55.4028,-122.1732,29.4841,-85.8866,44.67
771,525.86,55.3439,-122.3231,29.4780,-86.0468,44.63
772,525.91,55.3261,-122.3680,29.4760,-86.0948,44.61
773,526.21,55.2127,-122.6524,29.4675,-86.3977,44.53
774,527.02,54.9115,-123.3995,29.4482,-87.1924,44.32
775,527.71,54.6502,-124.0410,29.4419,-87.8654,44.14
776,527.79,54.6196,-124.1156,29.4409,-87.9438,44.12
777,528.24,54.4467,-124.5322,29.4409,-88.3755,44.01
778,529.26,54.0544,-125.4683,29.4394,-89.3256,43.78
779,529.84,53.8286,-126.0025,29.4187,-89.8544,43.68
780,529.92,53.7970,-126.0767,29.4117,-89.9276,43.67
781,530.00,53.7651,-126.1506,29.4027,-90.0007,43.65
782,531.69,53.0838,-127.6990,29.1609,-91.3758,43.60
783,533.01,52.5468,-128.9060,28.9057,-92.3025,43.76
784,533.25,52.4482,-129.1266,28.8657,-92.4540,43.81
785,533.48,52.3560,-129.3325,28.8270,-92.5957,43.85
786,534.46,51.9537,-130.2291,28.6480,-93.1940,44.10
787,534.99,51.7323,-130.7125,28.5436,-93.5076,44.25
788,535.31,51.5903,-131.0017,28.4844,-93.6939,44.35
789,535.76,51.3723,-131.3966,28.3711,-93.9395,44.47
790,536.20,51.1408,-131.7649,28.2415,-94.1610,44.58
791,536.65,50.8798,-132.1329,28.0928,-94.3737,44.69
792,537.02,50.6498,-132.4233,27.9542,-94.5295,44.76
793,537.41,50.3953,-132.7144,27.8077,-94.6891,44.82
794,537.83,50.1041,-133.0155,27.6406,-94.8508,44.87
795,539.21,49.0737,-133.9418,27.0434,-95.3665,44.95
796,539.68,48.7042,-134.2277,26.8225,-95.5332,44.95
797,540.31,48.1948,-134.5955,26.5137,-95.7439,44.96
798,541.42,47.2855,-135.2350,25.9733,-96.0987,45.01
799,542.34,46.5046,-135.7182,25.5180,-96.3495,45.03
800,542.66,46.2193,-135.8680,25.3499,-96.4119,45.03
801,543.40,45.5562,-136.1990,24.9742,-96.5360,45.03
802,544.40,44.6606,-136.6413,24.5003,-96.6917,45.07
803,545.11,44.0148,-136.9336,24.1719,-96.7801,45.08
804,545.79,43.3840,-137.1785,23.8596,-96.8293,45.08
805,548.44,40.8801,-138.0711,22.6296,-96.9200,45.19
806,549.30,40.0715,-138.3453,22.2279,-96.9195,45.27
807,549.75,39.6397,-138.4759,22.0122,-96.9197,45.31
808,550.54,38.8805,-138.6924,21.6227,-96.9227,45.37
809,551.84,37.6244,-139.0460,20.9451,-96.9247,45.48
810,552.99,36.5184,-139.3381,20.3044,-96.9587,45.58
811,553.49,36.0339,-139.4591,20.0019,-96.9834,45.63
812,553.79,35.7365,-139.5317,19.8161,-96.9971,45.66
813,554.20,35.3445,-139.6240,19.5633,-97.0180,45.70
814,554.71,34.8406,-139.7331,19.2282,-97.0438,45.74
815,555.31,34.2548,-139.8432,18.8303,-97.0671,45.78
816,555.82,33.7452,-139.9217,18.4774,-97.0784,45.80
817,556.23,33.3455,-139.9712,18.1986,-97.0784,45.81
818,556.56,33.0089,-140.0047,17.9625,-97.0784,45.81
819,556.98,32.5911,-140.0359,17.6701,-97.0723,45.80
820,557.26,32.3176,-140.0494,17.4834,-97.0663,45.78
821,558.53,31.0451,-140.0724,16.6441,-97.0153,45.67
822,559.25,30.3205,-140.0489,16.2062,-96.9660,45.55
823,560.48,29.0996,-139.9561,15.5635,-96.8528,45.29
824,561.85,27.7370,-139.8195,14.9604,-96.7104,44.94
825,562.32,27.2730,-139.7644,14.7714,-96.6538,44.81
826,562.59,27.0010,-139.7322,14.6623,-96.6206,44.73
827,563.14,26.4551,-139.6880,14.4404,-96.5731,44.60
828,564.20,25.3919,-139.6694,13.9723,-96.5369,44.42
829,565.38,24.2160,-139.6905,13.3478,-96.5135,44.31
830,566.29,23.2980,-139.7131,12.7659,-96.4784,44.25
831,566.84,22.7505,-139.7299,12.3787,-96.4501,44.23
832,567.16,22.4285,-139.7427,12.1347,-96.4311,44.22
833,567.89,21.7054,-139.7941,11.5513,-96.3998,44.24
834,568.71,20.8894,-139.8908,10.8353,-96.3789,44.31
835,569.13,20.4753,-139.9537,10.4591,-96.3780,44.36
836,569.45,20.1579,-140.0091,10.1579,-96.3780,44.41
837,569.82,19.7944,-140.0809,9.8116,-96.3780,44.48
838,570.47,19.1665,-140.2263,9.1938,-96.3932,44.62
839,571.06,18.5920,-140.3853,8.6160,-96.4258,44.77
840,571.72,17.9649,-140.5927,7.9652,-96.4787,44.98
841,572.95,16.8169,-141.0184,6.7505,-96.6009,45.41
842,574.08,15.7628,-141.4193,5.6253,-96.7038,45.82
843,574.66,15.2215,-141.6277,5.0457,-96.7565,46.03
844,574.85,15.0414,-141.6980,4.8525,-96.7750,46.10
845,574.99,14.9064,-141.7508,4.7076,-96.7889,46.15
846,575.30,14.6212,-141.8619,4.4016,-96.8194,46.27
847,575.72,14.2300,-142.0117,3.9828,-96.8587,46.42
848,576.15,13.8223,-142.1635,3.5478,-96.8975,46.57
849,577.41,12.6372,-142.5813,2.2913,-97.0066,47.00
850,577.78,12.2846,-142.6953,1.9207,-97.0342,47.11
851,578.49,11.6029,-142.8896,1.2119,-97.0744,47.31
852,578.96,11.1494,-143.0020,0.7446,-97.0885,47.42
853,579.36,10.7560,-143.0886,0.3418,-97.0915,47.51
854,579.89,10.2333,-143.1856,-0.1898,-97.0915,47.60
855,580.42,9.7075,-143.2641,-0.7214,-97.0915,47.68
856,581.02,9.1144,-143.3240,-1.3175,-97.0584,47.74
857,581.84,8.2936,-143.3603,-2.1391,-96.9862,47.78
858,583.15,6.9888,-143.3822,-3.4441,-96.8596,47.80
859,584.02,6.1188,-143.3890,-4.3142,-96.7786,47.80
860,584.39,5.7483,-143.3894,-4.6847,-96.7426,47.80
861,585.06,5.0716,-143.3884,-5.3614,-96.6747,47.80
862,585.85,4.2822,-143.3860,-6.1508,-96.5896,47.80
863,586.43,3.7022,-143.3878,-6.7308,-96.5239,47.80
864,586.82,3.3156,-143.3939,-7.1174,-96.4834,47.81
865,587.29,2.8487,-143.4094,-7.5846,-96.4362,47.82
866,587.88,2.2537,-143.4466,-8.1807,-96.3880,47.86
867,588.45,1.6927,-143.5032,-8.7446,-96.3515,47.92
868,588.90,1.2459,-143.5650,-9.1956,-96.3364,47.98
869,589.32,0.8329,-143.6354,-9.6146,-96.3338,48.05
870,589.74,0.4223,-143.7183,-10.0335,-96.3338,48.13
871,590.17,-0.0013,-143.8170,-10.4684,-96.3338,48.23
872,590.61,-0.4210,-143.9312,-10.9034,-96.3507,48.34
873,591.09,-0.8805,-144.0813,-11.3868,-96.3917,48.50
874,591.65,-1.4044,-144.2898,-11.9506,-96.4653,48.71
875,594.30,-3.8140,-145.3736,-14.5928,-96.9038,49.82
876,595.18,-4.6208,-145.7400,-15.4789,-97.0679,50.19
877,595.86,-5.2491,-145.9912,-16.1555,-97.1765,50.45
878,596.44,-5.8027,-146.1640,-16.7353,-97.2414,50.62
879,596.99,-6.3360,-146.2894,-17.2831,-97.2690,50.75
880,597.52,-6.8604,-146.3765,-17.8144,-97.2853,50.83
881,598.34,-7.6762,-146.4744,-18.6352,-97.2937,50.93
882,599.03,-8.3659,-146.5396,-19.3268,-97.3081,50.99
883,599.42,-8.7519,-146.5620,-19.7117,-97.3124,51.02
884,599.76,-9.0902,-146.5664,-20.0486,-97.3124,51.02
885,600.16,-9.4928,-146.5531,-20.4487,-97.3124,51.01
886,600.71,-10.0384,-146.5049,-20.9907,-97.2882,50.96
887,601.46,-10.7896,-146.4099,-21.7345,-97.2537,50.86
888,602.14,-11.4594,-146.3136,-22.3931,-97.2346,50.77
889,602.48,-11.7925,-146.2547,-22.7166,-97.2285,50.71
890,602.88,-12.1853,-146.1655,-23.1019,-97.2022,50.62
891,603.40,-12.6807,-146.0227,-23.5817,-97.1582,50.48
892,603.82,-13.0775,-145.8886,-23.9683,-97.1082,50.34
893,604.61,-13.8197,-145.6197,-24.6685,-97.0224,50.07
894,606.07,-15.1929,-145.1060,-25.8989,-96.8884,49.55
895,606.23,-15.3436,-145.0491,-26.0223,-96.8667,49.50
896,606.33,-15.4340,-145.0149,-26.0962,-96.8536,49.47
897,606.88,-15.9459,-144.8198,-26.5068,-96.7515,49.33
898,607.59,-16.6072,-144.5647,-26.9885,-96.6134,49.16
899,607.94,-16.9373,-144.4355,-27.2226,-96.5390,49.07
900,608.50,-17.4616,-144.2280,-27.5696,-96.4343,48.93
901,609.68,-18.5544,-143.7934,-28.2466,-96.1800,48.67
902,610.53,-19.3516,-143.4875,-28.7123,-95.9996,48.51
903,611.42,-20.1863,-143.1900,-29.2044,-95.8439,48.37
904,612.21,-20.9334,-142.9349,-29.6631,-95.7202,48.27
905,613.47,-22.1090,-142.4911,-30.4324,-95.4618,48.13
906,613.98,-22.5781,-142.2773,-30.7364,-95.3137,48.08
907,614.51,-23.0458,-142.0245,-31.0560,-95.1378,48.01
908,614.95,-23.4148,-141.7941,-31.2983,-94.9692,47.93
909,615.37,-23.7576,-141.5533,-31.5440,-94.7908,47.86
910,615.79,-24.0873,-141.2950,-31.7751,-94.5877,47.78
911,616.19,-24.3911,-141.0305,-31.4798,-93.8550,47.71
912,616.61,-24.6924,-140.7395,-31.6971,-93.6322,47.63
913,617.03,-24.9775,-140.4327,-31.9071,-93.4006,47.54
914,617.51,-25.2860,-140.0606,-32.1521,-93.1032,47.46
915,617.98,-25.5627,-139.6841,-32.3811,-92.8095,47.37
916,618.43,-25.8082,-139.3057,-32.6096,-92.5030,47.29
917,618.74,-25.9623,-139.0412,-32.7598,-92.2906,47.24
918,619.04,-26.1100,-138.7731,-32.9051,-92.0724,47.19
919,623.31,-28.0965,-134.9940,-34.4281,-88.3504,47.07
920,624.42,-28.5709,-133.9888,-34.5911,-87.2599,47.12
921,624.62,-28.6475,-133.8112,-34.6044,-87.0677,47.12
922,624.92,-28.7621,-133.5274,-34.6151,-86.7631,47.13
923,625.42,-28.9254,-133.0554,-34.6187,-86.2646,47.14
924,626.31,-29.1569,-132.2001,-34.6190,-85.3795,47.14
925,627.81,-29.4874,-130.7387,-34.6190,-83.8817,47.14
926,629.38,-29.8189,-129.1951,-34.6190,-82.3030,47.14
927,629.67,-29.8777,-128.9111,-34.8546,-82.0130,47.14
928,630.48,-30.0270,-128.1195,-34.8531,-81.2074,47.14
929,631.37,-30.1590,-127.2433,-34.8531,-80.3213,47.13
930,631.88,-30.2181,-126.7312,-34.8380,-79.8058,47.13
931,632.59,-30.2762,-126.0247,-34.8053,-79.0970,47.13
932,633.88,-30.3463,-124.7377,-34.7261,-77.8080,47.12
933,635.18,-30.3965,-123.4337,-34.6390,-76.5031,47.12
934,635.75,-30.4117,-122.8700,-34.5952,-75.9392,47.12
935,635.91,-30.4154,-122.7090,-34.5820,-75.7781,47.12
936,636.12,-30.4199,-122.4996,-34.5637,-75.5686,47.12
937,636.55,-30.4289,-122.0647,-34.5245,-75.1330,47.12
938,637.10,-30.4423,-121.5171,-34.4834,-74.5814,47.12
939,638.37,-30.4926,-120.2453,-34.4200,-73.3096,47.12
940,638.97,-30.5335,-119.6507,-34.3744,-72.7183,47.12
941,639.55,-30.5953,-119.0740,-34.3358,-72.1386,47.11
942,639.99,-30.6578,-118.6435,-34.3226,-71.7036,47.11
943,640.42,-30.7348,-118.2154,-34.3224,-71.2686,47.11
944,640.77,-30.8086,-117.8687,-34.3224,-70.9141,47.11
945,641.15,-30.8951,-117.5084,-34.3224,-70.5436,47.12
946,641.55,-31.0000,-117.1195,-34.3352,-70.1408,47.12
947,642.03,-31.1409,-116.6572,-34.3654,-69.6575,47.13
948,642.51,-31.2963,-116.1995,-34.3990,-69.1741,47.15
949,643.29,-31.5687,-115.4758,-34.4715,-68.4009,47.18
950,644.16,-31.8964,-114.6699,-34.5612,-67.5309,47.22
951,644.80,-32.1485,-114.0768,-34.6289,-66.8864,47.26
952,645.11,-32.2699,-113.7958,-34.6617,-66.5803,47.28
953,645.30,-32.3463,-113.6182,-34.6808,-66.3870,47.29
954,645.64,-32.4775,-113.3064,-34.7114,-66.0487,47.31
955,646.16,-32.6706,-112.8283,-34.7497,-65.5331,47.34
956,646.85,-32.9138,-112.1797,-34.7568,-64.8404,47.37
957,648.25,-33.3569,-110.8499,-34.7568,-63.4387,47.43
958,649.28,-33.6461,-109.8603,-34.7568,-62.4077,47.46
959,650.17,-33.8705,-109.0030,-34.7049,-61.5215,47.49
960,650.94,-34.0542,-108.2518,-34.6478,-60.7482,47.51
961,651.18,-34.1107,-108.0169,-34.6293,-60.5066,47.51
962,651.54,-34.1968,-107.6731,-34.6055,-60.1522,47.52
963,652.33,-34.4155,-106.9145,-34.6055,-59.3627,47.55
964,653.00,-34.6345,-106.2743,-34.6055,-58.6861,47.59
965,653.79,-34.9153,-105.5365,-34.6359,-57.8966,47.64
966,654.45,-35.1619,-104.9237,-34.6858,-57.2361,47.69
967,654.82,-35.3031,-104.5811,-34.7173,-56.8655,47.72
968,654.94,-35.3460,-104.4768,-34.7268,-56.7528,47.73
969,655.24,-35.4610,-104.1932,-34.7524,-56.4467,47.75
970,656.47,-35.9036,-103.0515,-34.8404,-55.2222,47.84
971,657.09,-36.1118,-102.4587,-34.8510,-54.5939,47.89
972,657.61,-36.2634,-101.9660,-34.8510,-54.0784,47.91
973,658.45,-36.4734,-101.1550,-34.8510,-53.2407,47.95
974,659.83,-36.7737,-99.8024,-34.7701,-51.8552,47.99
975,660.96,-36.9978,-98.6971,-34.6849,-50.7274,48.03
976,661.36,-37.0719,-98.3012,-34.6462,-50.3246,48.04
977,661.40,-37.0776,-98.2695,-34.6429,-50.2924,48.04
978,661.57,-37.1089,-98.0951,-34.6244,-50.1152,48.04
979,662.04,-37.1914,-97.6352,-34.5753,-49.6480,48.05
980,662.59,-37.2890,-97.0962,-34.5126,-49.1002,48.07
981,663.10,-37.3843,-96.5895,-34.4553,-48.5846,48.08
982,663.51,-37.4666,-96.1953,-34.4128,-48.1819,48.09
983,663.93,-37.5652,-95.7882,-34.3820,-47.7630,48.11
984,664.39,-37.6915,-95.3383,-34.3558,-47.2957,48.14
985,664.89,-37.8453,-94.8632,-34.3558,-46.7964,48.17
986,665.33,-37.9947,-94.4547,-34.3558,-46.3613,48.21
987,665.89,-38.2100,-93.9335,-34.3651,-45.7955,48.26
988,667.78,-39.0332,-92.2378,-34.5482,-43.9109,48.51
989,668.84,-39.5397,-91.3029,-34.6336,-42.8508,48.69
990,670.40,-40.3209,-89.9494,-34.7702,-41.2880,48.98
991,671.22,-40.7200,-89.2312,-34.8221,-40.4664,49.13
992,671.63,-40.8991,-88.8704,-34.8266,-40.0636,49.19
993,671.82,-40.9824,-88.6960,-34.8266,-39.8703,49.22
994,672.27,-41.1751,-88.2881,-34.8266,-39.4192,49.29
995,673.03,-41.4977,-87.6031,-34.8266,-38.6620,49.40
996,673.71,-41.7847,-86.9903,-34.8266,-37.9853,49.51
997,674.20,-41.9959,-86.5377,-34.8287,-37.4859,49.58
998,674.67,-42.1931,-86.1142,-34.8367,-37.0191,49.66
999,675.99,-42.7486,-84.9155,-34.9134,-35.7042,49.86
1000,676.52,-42.9715,-84.4329,-34.9759,-35.1712,49.94
1001,676.70,-43.0456,-84.2719,-34.8203,-34.9902,49.96
1002,677.06,-43.1934,-83.9497,-34.8216,-34.6357,50.02
1003,678.14,-43.6415,-82.9678,-34.8216,-33.5564,50.19
1004,678.86,-43.9416,-82.3078,-34.8216,-32.8314,50.31
1005,678.99,-43.9949,-82.1904,-34.8216,-32.7024,50.33
1006,679.15,-44.0604,-82.0433,-34.8216,-32.5414,50.36
1007,679.92,-44.3625,-81.3314,-34.8216,-31.7681,50.47
1008,681.16,-44.8408,-80.1868,-34.8216,-30.5276,50.66
1009,689.67,-38.5885,-85.9551,-34.8216,-22.0208,64.05
1010,690.14,-38.7933,-85.5352,-34.8216,-21.5536,64.10
1011,690.38,-38.8972,-85.3170,-34.8216,-21.3120,64.13
1012,690.69,-39.0254,-85.0390,-34.8216,-21.0058,64.17
1013,692.38,-39.6970,-83.4865,-34.8216,-19.3143,64.36
1014,693.01,-39.9135,-82.8966,-34.8216,-18.6859,64.41
1015,693.60,-40.0734,-82.3224,-34.8216,-18.0899,64.45
1016,694.17,-40.1869,-81.7700,-34.8216,-17.5259,64.47
1017,695.12,-40.3481,-80.8333,-35.0334,-16.5755,64.50
1018,696.16,-40.5230,-79.8008,-35.1302,-15.5283,64.52
1019,696.84,-40.6241,-79.1317,-35.1923,-14.8516,64.54
1020,697.77,-40.7235,-78.2026,-35.2702,-13.9172,64.56
1021,698.31,-40.7524,-77.6717,-35.3041,-13.3856,64.56
1022,699.03,-40.7388,-76.9469,-35.3146,-12.6608,64.56
1023,699.48,-40.6994,-76.4975,-35.3150,-12.2099,64.56
1024,700.38,-40.5963,-75.6012,-35.3153,-11.3085,64.55
1025,701.61,-40.4359,-74.3874,-35.3676,-10.0528,64.54
1026,702.37,-40.3048,-73.6416,-35.3334,-9.2463,64.54
1027,702.83,-40.2033,-73.1855,-35.2830,-8.7559,64.54
1028,703.38,-40.0600,-72.6569,-35.1908,-8.1864,64.53
1029,704.57,-39.6231,-71.5476,-34.8372,-7.0291,64.52
1030,705.02,-39.4139,-71.1479,-34.6781,-6.6001,64.51
1031,705.43,-39.2083,-70.8016,-34.5236,-6.2366,64.50
1032,705.89,-38.9477,-70.4138,-34.3017,-5.8403,64.50
1033,706.43,-38.6234,-69.9925,-34.0376,-5.4170,64.49
1034,706.89,-38.3164,-69.6403,-33.7710,-5.0724,64.48
1035,707.76,-37.7233,-69.0039,-33.2963,-4.5025,64.43
1036,709.49,-36.5112,-67.7782,-32.4321,-3.5396,64.17
1037,710.13,-36.0332,-67.3459,-32.1123,-3.2625,64.03
1038,710.95,-35.4124,-66.8077,-31.7455,-2.9606,63.81
1039,711.98,-34.6404,-66.1241,-31.3688,-2.6122,63.46
1040,712.56,-34.1969,-65.7504,-31.1850,-2.4430,63.24
1041,713.74,-33.2827,-65.0105,-30.8368,-2.1292,62.79
1042,714.59,-32.6196,-64.4726,-30.6007,-1.9397,62.42
1043,715.22,-32.1176,-64.0947,-30.4299,-1.8168,62.16
1044,715.67,-31.7446,-63.8410,-30.3071,-1.7398,61.98
1045,716.56,-31.0080,-63.3485,-30.0684,-1.5981,61.64
1046,718.90,-29.0738,-62.0386,-29.4607,-1.2192,60.70
1047,719.60,-28.4789,-61.6531,-29.2660,-1.1105,60.42
1048,720.10,-28.0519,-61.3941,-29.1272,-1.0317,60.24
1049,721.18,-27.1270,-60.8375,-28.8002,-0.8634,59.87
1050,722.28,-26.1885,-60.2723,-28.4323,-0.6493,59.50
1051,722.96,-25.5983,-59.9413,-28.1691,-0.5187,59.30
1052,723.62,-25.0159,-59.6298,-27.8616,-0.3810,59.13
1053,724.42,-24.3057,-59.2497,-27.4420,-0.2041,58.91
1054,725.16,-23.6478,-58.9084,-27.0029,-0.0385,58.72
1055,725.68,-23.1853,-58.6806,-26.6527,0.0726,58.59
1056,726.02,-22.8790,-58.5369,-26.4172,0.1328,58.50
1057,726.37,-22.5556,-58.3919,-26.1362,0.1990,58.42
1058,726.71,-22.2444,-58.2592,-25.8618,0.2431,58.33
1059,727.10,-21.8859,-58.1144,-25.5374,0.2724,58.22
1060,727.47,-21.5397,-57.9824,-25.2073,0.2798,58.10
1061,727.98,-21.0538,-57.8100,-24.7596,0.2659,57.93
1062,729.34,-19.7594,-57.4149,-23.5099,0.1960,57.54
1063,730.24,-18.8841,-57.1966,-22.6449,0.1148,57.32
1064,730.83,-18.3007,-57.0740,-22.0630,0.0426,57.20
1065,731.04,-18.0949,-57.0349,-21.8579,0.0132,57.16
1066,731.38,-17.7623,-56.9732,-21.5233,-0.0353,57.10
1067,731.91,-17.2400,-56.8737,-20.9974,-0.1090,57.00
1068,732.59,-16.5787,-56.7305,-20.3244,-0.1889,56.85
1069,733.49,-15.7071,-56.4974,-19.4249,-0.2570,56.62
1070,734.22,-15.0169,-56.2756,-18.7009,-0.2720,56.40
1071,734.70,-14.5628,-56.1102,-18.2179,-0.2720,56.23
1072,735.02,-14.2636,-55.9905,-17.8958,-0.2720,56.11
1073,735.38,-13.9383,-55.8499,-17.5414,-0.2536,55.97
1074,735.76,-13.5876,-55.6871,-17.1549,-0.2227,55.80
1075,737.52,-12.0265,-54.8827,-15.3988,0.0042,54.99
1076,738.36,-11.2998,-54.4660,-14.5611,0.1806,54.56
1077,739.03,-10.7211,-54.1154,-13.8845,-0.0000,54.21
1078,739.26,-10.5289,-53.9972,-13.6588,-0.0000,54.09
1079,739.44,-10.3776,-53.9050,-13.4817,-0.0000,53.99
1080,739.81,-10.0589,-53.7160,-13.1111,-0.0000,53.80
1081,740.61,-9.3537,-53.3267,-12.3056,-0.0000,53.41
1082,741.26,-8.7742,-53.0447,-11.6612,-0.0000,53.12
1083,742.00,-8.0888,-52.7628,-10.9203,-0.0000,52.84
1084,743.13,-7.0284,-52.3790,-9.7936,-0.0000,52.45
1085,749.44,-5.3649,-58.4707,-3.8094,-0.0000,58.49
1086,750.09,-4.7553,-58.2617,-3.3038,-0.0000,58.28
1087,750.39,-4.4650,-58.1646,-3.0919,-0.0000,58.18
1088,750.62,-4.2512,-58.0931,-2.9358,-0.0000,58.11
1089,752.02,-2.9238,-57.6428,-2.1042,-0.0000,57.65
